<?xml version="1.0" encoding="UTF-8"> <!-- Falta signo de interrogación al final -->
<deportista id=”1”> 
<deporte Atletismo ></deporte> <!-- Esta mal estructurado o mal cerrado (<deporte> ... </deporte>) -->
< nombre></nombre> <!-- No puede haber espacios en las etiquetas -->
<apellidos></apellidos>
<http://></http://>
</deportista id> <!-- "id" no deberia de aparecer -->
<deportista id=”2”>
<deporte Ciclismo ></deporte> <!-- Esta mal estructurado o mal cerrado (<deporte> ... </deporte>) -->
< nombre></nombre> <!-- El error es igual a la linea 4, el espacio al principio de la etiqueta -->
<apellidos></apellidos>
<http://></http://>
</deportista id> <!-- "id" no deberia de aparecer -->