<?xml version="1.0" encoding="UTF-8"?>
<BDsms xmlns:xsi="http://www.w3.org/2001/XMLSchema-instance"
		xsi:noNamespaceSchemaLocation="TiradoRomanJoseAntonioEsquema.xsd">
	<sms>
		<telefono>955 55 66 55</telefono>
		<fecha>1/07/2011</fecha>
		<hora>23:55</hora>
		<mensaje>Juego1:Tetris</mensaje>
	</sms>
	<sms>
		<telefono>745 15 56 11</telefono>
		<fecha>22/07/2011</fecha>
		<hora>09:22</hora>
		<mensaje>Juego2:Arkanoid</mensaje>
	</sms>
	<sms>
		<telefono>842 35 22 00</telefono>
		<fecha>1/08/2018</fecha>
		<hora>23:00</hora>
		<mensaje>Juego3:Comecocos</mensaje>
	</sms>
</BDsms>