<?xml version="1.0" encoding="UTF-8"?>
<!DOCTYPE Tiendas SYSTEM "/home/joseatr/Documentos/DAW/LMSGI/Trabajos/Ejercicios_DTD/DTD1/DTD1.dtd">
<Tiendas>
    <Tienda>
        <!-- Falta etiqueta "Nombre" -->
        <Dirección>Avenida de Shiva</Dirección>
        <Distribuidor>Xing xang</Distribuidor>
        <Móvil> <!-- Falta etiqueta "Marca" -->
            <Código_del_modelo>43232323</Código_del_modelo>
            
            <Características>Bonito, bueno, barato</Características>
        </Móvil>
    </Tienda>
    <Tienda>
        <Nombre></Nombre> <!-- Falta información -->
        <Dirección>Calle Pino</Dirección>
        <Distribuidor></Distribuidor>  <!-- Falta información -->
        <Móvil> <!-- Falta etiqueta "Marca" -->
            <Código_del_modelo>4521</Código_del_modelo>
            
            <Características>Malo, feo, caro</Características>
        </Móvil>
    </Tienda>
<Tiendas> <!-- Falta cierre correcto </Tiendas> -->
