<?xml version="1.0" encoding="UTF-8"?>
<!DOCTYPE Tiendas SYSTEM "/home/joseatr/Documentos/DAW/LMSGI/Trabajos/Ejercicios_DTD/DTD2/DTD2.dtd">
<Lista xmlns:xsi="http://www.w3.org/2001/XMLSchema-instace"
		xsi:noNamespaceSchemaLocation='ejercicio3.xsd'>
    <Alumno id="1">
        <Nombre>Arturo</Nombre>
        <Apellidos>Pérez Rubio</Apellidos>
    </Alumno>
    <Alumno id="2">
        <Nombre>Manuel</Nombre>
        <Apellidos>Rodríguez García</Apellidos>
    </Alumno>
    <Asignatura codigo="059">Inglés
        <Dia>Miércoles</Dia>
        <Hora>12:00</Hora>
    </Asignatura>
</Lista>