<?xml version="1.0" encoding="UTF-8"?>
<libros>
	<Libro>
		<LANG>en</LANG>
		<Title>EveryDay Italian</Title>
		<Author>Giada De Laurentiis</Author>
		<Year>2005</Year>
		<Price>30</Price>
		<Category>COOKING</Category>
	</Libro>
	<Libro>
		<LANG>en</LANG>
		<Title>Harry Potter</Title>
		<Author>J.K.Rowling</Author>
		<Year>2005</Year>
		<Price>29.99</Price>
		<Category>CHILDREN</Category>
	</Libro>
	<Libro>
		<LANG>en</LANG>
		<Title>XQuery Kick Start</Title>
		<Author1>James McGovern</Author1>
		<Author2>Per Bothner</Author2>
		<Author3>Kurt Cagle</Author3>
		<Author4>James Linn</Author4>
		<Author5>Vaidyanathan Nagarajan</Author5>
		<Year>2003</Year>
		<Price>49.99</Price>
		<Category>WEB</Category>
	</Libro>
	<Libro>
		<LANG>en</LANG>
		<Title>Learning XML</Title>
		<Author>Erik T.Ray</Author>
		<Year>2003</Year>
	</Libro>
</libros>