<?xml version="1.0" encoding="UTF-8"?>
<Partidos>
	<Partido1>
		<EquipoLocal>
			<Nombre>Real Madrid</Nombre>
			<Goles>3</Goles>
		</EquipoLocal>
		<EquipoVisitante>
			<Nombre>Barcelona</Nombre>
			<Goles>0</Goles>
		</EquipoVisitante>
	</Partido1>

	<Partido2>
		<EquipoLocal>
			<Nombre>Sevilla</Nombre>
			<Goles>1</Goles>
		</EquipoLocal>
		<EquipoVisitante>
			<Nombre>Betis</Nombre>
			<Goles>1</Goles>
		</EquipoVisitante>
	</Partido2>

	<Partido3>
		<EquipoLocal>
			<Nombre>Granada</Nombre>
			<Goles>0</Goles>
		</EquipoLocal>
		<EquipoVisitante>
			<Nombre>Real Sociedad</Nombre>
			<Goles>2</Goles>
		</EquipoVisitante>
	</Partido3>
</Partidos>