<?xml version="1.0" encoding="UTF-8"?>
<Partidos>
	<Partido1>
		<EquipoLocal>
			<Nombre>Real Madrid</Nombre>
			<Goles local="3"></Goles>
		</EquipoLocal>
		<EquipoVisitante>
			<Nombre>Barcelona</Nombre>
			<Goles visitante="0"></Goles>
		</EquipoVisitante>
	</Partido1>

	<Partido2>
		<EquipoLocal>
			<Nombre>Sevilla</Nombre>
			<Goles local="1"></Goles>
		</EquipoLocal>
		<EquipoVisitante>
			<Nombre>Betis</Nombre>
			<Goles visitante="1"></Goles>
		</EquipoVisitante>
	</Partido2>


	<Partido3>
		<EquipoLocal>
			<Nombre>Granada</Nombre>
			<Goles local="0"></Goles>
		</EquipoLocal>
		<EquipoVisitante>
			<Nombre>Real Sociedad</Nombre>
			<Goles visitante="2"></Goles>
		</EquipoVisitante>
	</Partido3>
</Partidos>