{
  "libros": {
    "Libro": [
      {
        "LANG": "en",
        "Title": "EveryDay Italian",
        "Author": "Giada De Laurentiis",
        "Year": "2005",
        "Price": "30",
        "Category": "COOKING"
      },
      {
        "LANG": "en",
        "Title": "Harry Potter",
        "Author": "J.K.Rowling",
        "Year": "2005",
        "Price": "29.99",
        "Category": "CHILDREN"
      },
      {
        "LANG": "en",
        "Title": "XQuery Kick Start",
        "Author1": "James McGovern",
        "Author2": "Per Bothner",
        "Author3": "Kurt Cagle",
        "Author4": "James Linn",
        "Author5": "Vaidyanathan Nagarajan",
        "Year": "2003",
        "Price": "49.99",
        "Category": "WEB"
      },
      {
        "LANG": "en",
        "Title": "Learning XML",
        "Author": "Erik T.Ray",
        "Year": "2003"
      }
    ]
  }
}